,username,timestamp,firstComment,locationName,imageUrl,url,likesCount,followersCount,followsCount,isBusinessAccount,verified,postsCount
40479,cleo,2019-06-18 01:42:02+00:00,Nem toda batida de raba Ã© perfeita. O q importa Ã© batÃª-la. Quem se identifica?ğŸ™‹ğŸ»â€â™€ğŸ¤ªğŸ¥°,,https://scontent-msp1-1.cdninstagram.com/v/t51.2885-15/e35/62349361_116156666306513_461020098749560560_n.jpg?_nc_ht=scontent-msp1-1.cdninstagram.com&_nc_cat=105&_nc_ohc=FC1QgNYbO4wAX-rftTp&oh=0cb3ecc167e74dfe24efde3cf924cac1&oe=5E67D0CE,https://www.instagram.com/p/By1UF4pHqgL,651050.0,12995564,1174,True,True,2444
6869,real__pcy,2019-05-07 06:20:10+00:00,í˜•ì´ ë‚˜ë¼ë¥¼ ì§€í‚¤ëŠ”ë™ì•ˆ ì—‘ì†Œì™€ ì—‘ì†Œì—˜ì€ ìš°ë¦¬ê°€ ì§€í‚¬ê²ŒğŸ™ˆ ë©´íšŒëŠ” ì¢…ì¸ì´ë‘ ê°™ì´ ê°€ì•¼ì§€,,https://scontent-atl3-1.cdninstagram.com/v/t51.2885-15/e35/58790406_2366793610039138_6415603209384188027_n.jpg?_nc_ht=scontent-atl3-1.cdninstagram.com&_nc_cat=110&_nc_ohc=uGjC6YQgmBsAX-pInez&oh=0fdfb9c7024ce683aabcc5aac699324a&oe=5E91EA11,https://www.instagram.com/p/BxJqn5Tj0kc,3126898.0,20181829,239,False,True,777
16029,wizkhalifa,2019-09-29 07:08:14+00:00,,,https://scontent-lax3-1.cdninstagram.com/v/t51.2885-15/e35/70467066_146104806630012_7126713157831064427_n.jpg?_nc_ht=scontent-lax3-1.cdninstagram.com&_nc_cat=100&_nc_ohc=Brf3Jk9pmbYAX969tIE&oh=8803e9c685026b9ed5a09a9cb5e3b054&oe=5E682122,https://www.instagram.com/p/B2_HVeVnruE,286877.0,29971833,1160,True,True,7036
37460,ijassmanak,2019-07-30 13:05:11+00:00,"Sikander 2 :: 2nd August
& Thankyou @calvinklein",,https://scontent-iad3-1.cdninstagram.com/v/t51.2885-15/e35/66412225_2238297256287890_2356168782682887022_n.jpg?_nc_ht=scontent-iad3-1.cdninstagram.com&_nc_cat=102&_nc_ohc=AF_tZ42U8CQAX8dEHEf&oh=94db61d1cefd746f9a326815fe36c244&oe=5E95FFB9,https://www.instagram.com/p/B0irvxilkB-,214539.0,4186042,109,False,True,453
52102,febbyrastanty,2020-01-09 16:21:48+00:00,Your life is as good as your mindset ğŸŒˆğŸŒˆğŸŒˆ,,https://scontent-iad3-1.cdninstagram.com/v/t51.2885-15/e35/p1080x1080/80657123_768140447040325_9009966459980627427_n.jpg?_nc_ht=scontent-iad3-1.cdninstagram.com&_nc_cat=101&_nc_ohc=dsReUgReVlsAX8WGJVg&oh=45498d64a91306e8067e1c8b0c717cfd&oe=5E98C953,https://www.instagram.com/p/B7Gv0iMHcvT,144746.0,6413971,1206,True,True,1082
62014,madonna,2020-01-15 22:07:23+00:00,Lisboa you have been so Good to Me....................... ğŸ‡µğŸ‡¹ ğŸ‡µğŸ‡¹ â™¥ï¸#madamextheatre #lisboa #coliseu,,https://scontent-lax3-1.cdninstagram.com/v/t51.2885-15/e35/s1080x1080/81205177_1908007822662440_2740005482146464576_n.jpg?_nc_ht=scontent-lax3-1.cdninstagram.com&_nc_cat=108&_nc_ohc=7S8a3DBkcHcAX-h4SWP&oh=b176eb4eb1b99a6237c8038a10370bfa&oe=5E9652D3,https://www.instagram.com/p/B7W0I2chwkx,84668.0,14890102,248,False,True,4578
60860,anyageraldine,2020-02-14 11:12:44+00:00,valentine nih? hmm..,,https://scontent-lax3-1.cdninstagram.com/v/t51.2885-15/e35/p1080x1080/82871577_415348329272637_8014264173739856789_n.jpg?_nc_ht=scontent-lax3-1.cdninstagram.com&_nc_cat=109&_nc_ohc=OrSBMfm72nMAX-uuHPR&oh=e0c9de420db2225f323517d2310628a5&oe=5E99AD80,https://www.instagram.com/p/B8i5ESHhydb,397656.0,3863413,796,False,True,1658
38533,saadlamjarred1,2019-12-19 11:49:40+00:00,"What a feeling to be back in the game . 
Dear fans ,at the concert yesterday when I said I missed  you ...I MEANT IT â¤ï¸, I really did and I canâ€™t wait for the next one ğŸ”¥ #Ø§Ù„Ù„Ù‡_ÙŠÙ†ØµØ±_Ø³ÙŠØ¯Ù†Ø§ #love_my_fans_forever_and_ever @nabs_bounira  I want to thank my team for this incredible job , couldnâ€™t do it  with out you ,, love u all .","Riyadh, Saudi Arabia",https://scontent-msp1-1.cdninstagram.com/v/t51.2885-15/e35/s1080x1080/79341144_542399869820198_8101041088614005798_n.jpg?_nc_ht=scontent-msp1-1.cdninstagram.com&_nc_cat=102&_nc_ohc=WI-jXBD3mlYAX-F3D76&oh=99ab74be9fbedc759fd3fbbb886477b0&oe=5E93D892,https://www.instagram.com/p/B6QL-7bqDP1,312251.0,9577814,254,False,True,1477
53043,liltjay,2019-10-23 21:31:48+00:00,When u get 2 plaques in one day ğŸ“€ğŸ’¿ğŸ’«â¤ï¸ğŸ–¤,,https://scontent-iad3-1.cdninstagram.com/v/t51.2885-15/e35/75300796_172222343920629_1577339992287856433_n.jpg?_nc_ht=scontent-iad3-1.cdninstagram.com&_nc_cat=109&_nc_ohc=rI2Ss8AbQwMAX_7ZHL3&oh=dfadf5f3b9bbc6b2f6b20c8993a65636&oe=5E94F41E,https://www.instagram.com/p/B3-dSwYBUg_,194654.0,3044123,109,True,True,122
55287,mcdonjuan,2019-10-01 22:10:32+00:00,,,https://scontent-iad3-1.cdninstagram.com/v/t51.2885-15/e35/69879007_434720890491461_5290028190180150172_n.jpg?_nc_ht=scontent-iad3-1.cdninstagram.com&_nc_cat=105&_nc_ohc=tZxE4mabgWsAX_3bXRN&oh=c88a8edda6e28f4ec53b3a28da44a133&oe=5E916298,https://www.instagram.com/p/B3F4PJFgiRp,13280.0,6761505,213,True,True,773
6856,real__pcy,2019-07-11 04:16:22+00:00,ë¶€ë¥´ë©´ ë¼,,https://scontent-atl3-1.cdninstagram.com/v/t51.2885-15/e35/66459633_2390289061249620_6626855191433957233_n.jpg?_nc_ht=scontent-atl3-1.cdninstagram.com&_nc_cat=100&_nc_ohc=D1ggG-3mlIIAX8WAIG_&oh=66101748c4a47bc743867bf67a9e906c&oe=5E8E9C74,https://www.instagram.com/p/Bzw0IC_FtPw,2076533.0,20181829,239,False,True,777
63643,zhaviaward,2019-04-04 02:17:35+00:00,*sets timer and runs back to take photo ğŸ’—ğŸ˜‚,,https://scontent-iad3-1.cdninstagram.com/v/t51.2885-15/e35/54512779_397359354430913_5705534334112002362_n.jpg?_nc_ht=scontent-iad3-1.cdninstagram.com&_nc_cat=105&_nc_ohc=KPUjytdvz5kAX8kY_NR&oh=55f0d3bd01473af4b951e26a891d75a4&oe=5E98EEF0,https://www.instagram.com/p/Bv0QoStFhUg,271901.0,3624154,1385,False,True,486
18569,nancyajram,2019-07-24 22:56:21+00:00,Egypt tonight â¤,,https://scontent-dfw5-1.cdninstagram.com/v/t51.2885-15/e35/66285430_967859173549383_8469046551971624105_n.jpg?_nc_ht=scontent-dfw5-1.cdninstagram.com&_nc_cat=103&_nc_ohc=r2SJb403x0oAX8uPD7X&oh=a7136af2aec10a8279b83ab1d0cdd825&oe=5E908638,https://www.instagram.com/p/B0USoZvnFP0,423007.0,25963273,53,False,True,3563
55120,mcdonjuan,2020-01-29 21:05:10+00:00,Vagabundo tambÃ©m sabe amar â¤ï¸â¤ï¸â¤ï¸,,https://scontent-iad3-1.cdninstagram.com/v/t51.2885-15/e35/81446336_493131878278871_3015331522230975466_n.jpg?_nc_ht=scontent-iad3-1.cdninstagram.com&_nc_cat=111&_nc_ohc=gaihHJ1Nyw4AX_LWJ5Z&oh=9f739648f6e0e1172c213ef96d76d4f3&oe=5E67C4DD,https://www.instagram.com/p/B76wFdUH9Vk,114001.0,6761505,213,True,True,773
59159,xtina,2019-11-14 19:04:50+00:00,Ainâ€™t no other fans...like YOU guys. â¤ï¸ Been having the time of my life on this leg of #TheXTour. All Iâ€™ve ever wanted to do is sing...love you guys. Last show tonight! #Birmingham,,https://scontent-iad3-1.cdninstagram.com/v/t51.2885-15/e35/72098209_807834359671631_2047368111474974575_n.jpg?_nc_ht=scontent-iad3-1.cdninstagram.com&_nc_cat=111&_nc_ohc=XqA5LA7abX4AX9DC-bs&oh=fd3fa0b056f899d2fa599f1e43d46a41&oe=5E67FD4C,https://www.instagram.com/p/B4219jApLQD,64984.0,6712036,53,False,True,492
56680,icecube,2019-09-13 16:00:41+00:00,Things will never be the same...,,https://scontent-iad3-1.cdninstagram.com/v/t51.2885-15/e15/69881639_2287871837928413_6629929623761531228_n.jpg?_nc_ht=scontent-iad3-1.cdninstagram.com&_nc_cat=105&_nc_ohc=xPF0kAt3Q_0AX-w-yvg&oh=65617c2c040fd8fd5833d6abff846985&oe=5E990C65,https://www.instagram.com/p/B2W3mluAN7Z,525554.0,15804470,4,True,True,1994
37889,coldplay,2020-01-22 20:09:06+00:00,"Hollywood Palladium, night two
ğŸ“· R42 (@millerworld) 
#EverydayLife #Coldplay ğŸŒ™â˜€ï¸",The Hollywood Palladium,https://scontent-iad3-1.cdninstagram.com/v/t51.2885-15/e35/83203178_3708517432506786_318452820027596516_n.jpg?_nc_ht=scontent-iad3-1.cdninstagram.com&_nc_cat=106&_nc_ohc=SZcfoqEy058AX_CsMPR&oh=562d2989692535bc46db04ccec304f7b&oe=5E92C6E2,https://www.instagram.com/p/B7ooKsQnOI5,145880.0,10878633,24,True,True,1854
58940,kandi,2019-12-03 23:25:36+00:00,Gotta love on them both! @acetucker @blazetucker,,https://scontent-iad3-1.cdninstagram.com/v/t51.2885-15/e35/s1080x1080/72328083_1795639714076805_6472680072146628468_n.jpg?_nc_ht=scontent-iad3-1.cdninstagram.com&_nc_cat=109&_nc_ohc=NG8oi3xBitgAX-npvDh&oh=9952256c3ad9d7c61b869f1df23359f8&oe=5E8FCD64,https://www.instagram.com/p/B5oO6E1llpC,239834.0,7432275,1134,False,True,8852
2755,justinbieber,2020-01-06 23:44:57+00:00,,,https://scontent-sea1-1.cdninstagram.com/v/t51.2885-15/e35/80574690_928256760901888_3133083424136478998_n.jpg?_nc_ht=scontent-sea1-1.cdninstagram.com&_nc_cat=104&_nc_ohc=ZF1N63W32tYAX9IB6Bc&oh=0a78c6f3facfe605eacc12044b508cdf&oe=5E935141,https://www.instagram.com/p/B6_0JksHOB4,934366.0,129712194,376,False,True,5243
51194,fiersabesari,2020-01-10 14:24:00+00:00,Sibuk-sibuklah kau dengan segala teorimu. Rakyat masih sama: Susah,,https://scontent-iad3-1.cdninstagram.com/v/t51.2885-15/e35/s1080x1080/82581156_486960735551997_5106391357243772299_n.jpg?_nc_ht=scontent-iad3-1.cdninstagram.com&_nc_cat=109&_nc_ohc=u77pkLTAEvoAX9a5C8U&oh=7e2df7b128219187258736c43f05080e&oe=5E912533,https://www.instagram.com/p/B7JHInPAOkY,373444.0,2859929,854,True,True,279
22421,fedez,2019-12-20 17:53:59+00:00,"Buone feste a tutti voi! 
Godetevi le vostre famiglie in questi giorni â¤ï¸",,https://scontent-dfw5-1.cdninstagram.com/v/t51.2885-15/e35/p1080x1080/80550480_160521988511057_444011128658817766_n.jpg?_nc_ht=scontent-dfw5-1.cdninstagram.com&_nc_cat=105&_nc_ohc=vpjKJBA_580AX_FdOzl&oh=cf4003a0f63609cdbe56911835939ed5&oe=5E942C56,https://www.instagram.com/p/B6TaeKtIWF5,523247.0,9299403,1605,False,True,3566
18760,simoneses,2020-01-06 00:37:28+00:00,"Feliz Ã© meu nome, demos start na nova temporada do @thevoicekids ğŸ˜ğŸ˜ğŸ˜ #look #joias #sandalias  @oliveshoesbrasil @rommanel",,https://scontent-dfw5-1.cdninstagram.com/v/t51.2885-15/e35/p1080x1080/82524710_461357764806299_4053285927117580012_n.jpg?_nc_ht=scontent-dfw5-1.cdninstagram.com&_nc_cat=111&_nc_ohc=nQ45GoaGfPIAX_9um77&oh=6877836b8410beef8a165f421305a2ea&oe=5E971C06,https://www.instagram.com/p/B69VXXpnVWb,287796.0,24021069,1089,False,True,4022
14687,mariliamendoncacantora,2019-12-25 15:02:09+00:00,sorriso sincero de natal ğŸ„ğŸ #feelings,,https://scontent-lga3-1.cdninstagram.com/v/t51.2885-15/e35/p1080x1080/80061730_2538608456410135_2856455350877157962_n.jpg?_nc_ht=scontent-lga3-1.cdninstagram.com&_nc_cat=1&_nc_ohc=3jEXVjk3OzEAX9ZZkrF&oh=fcd6a41419de2a6d103e2f5b9b52de6a&oe=5E8ED9E8,https://www.instagram.com/p/B6f-x9anKY2,475301.0,27590397,1365,True,True,2963
58960,kandi,2019-11-20 19:55:20+00:00,"So many people ask me about how could they get better as an singer/actor/ dancer... & so many people ask about getting their kids into the entertainment business. If youâ€™re in ATL You should go to @agientertainmentofficial. 
@IamNatarshaGarcia - â€˜The Starmakerâ€™ â­ï¸ This woman has launched so many starâ€™s careers and given them the opportunity to live out their dreams! Not only does she train epic talent, she manages talent as well. One of her groups, â€˜Hello Sundayâ€™ is killing it on The Voice in the Top11. Several members of my family have attended her Industry Bootcamp, including my daughter. 
If you have a dream to work in the Entertainment Business, Natarsha is your girl! You wonâ€™t want to miss out on her Winter Camp. Limited spots, so register now! Tell them I sent you!! Youth Camp and Adult Camp! If you know someone who should check this out, tag them in this post. @iamnatarshagarcia @agientertainmentofficial",,https://scontent-iad3-1.cdninstagram.com/v/t51.2885-15/e35/p1080x1080/72298094_416582335896570_1026588661321716111_n.jpg?_nc_ht=scontent-iad3-1.cdninstagram.com&_nc_cat=106&_nc_ohc=rRDaOzyzkqQAX9ZFPd4&oh=f657fff06392eb6aea4c0c9def946cad&oe=5E938307,https://www.instagram.com/p/B5GYgpfl_8y,8100.0,7432275,1134,False,True,8852
12325,sabrinacarpenter,2019-09-19 07:17:35+00:00,ğŸ,"Milan, Italy",https://scontent-lga3-1.cdninstagram.com/v/t51.2885-15/e35/p1080x1080/71130370_224235955210923_1028068886020547138_n.jpg?_nc_ht=scontent-lga3-1.cdninstagram.com&_nc_cat=103&_nc_ohc=F3zlkF5HzuUAX_nXOu9&oh=679ae07cb3c74b7fb4d54f238f07e24f&oe=5E99C995,https://www.instagram.com/p/B2lYghBAJEK,1084149.0,19993214,500,False,True,1241
26591,weareone.exo,2019-12-02 06:01:06+00:00,"ğŸ´ [CHEN-LOG] Jacket Making Film ğŸ³ï¸
-
#EXO #ì—‘ì†Œ #weareoneEXO #EXOonearewe #OBSESSION #OBSESSEDwithEXO #EXO_LOG #CHEN_LOG",,https://scontent-sea1-1.cdninstagram.com/v/t51.2885-15/fr/e15/s1080x1080/75595340_189525602093957_2638913717009096414_n.jpg?_nc_ht=scontent-sea1-1.cdninstagram.com&_nc_cat=105&_nc_ohc=eosW_4kKRm8AX8toj1K&oh=9d27141da30083c6a0f20247fe565c2a&oe=5E67928C,https://www.instagram.com/p/B5jyiVJhhvv,385035.0,6864808,2,True,True,944
10155,anitta,2019-08-29 21:39:11+00:00,ğŸŒ‘,,https://scontent-lga3-1.cdninstagram.com/v/t51.2885-15/e35/p1080x1080/69763693_2125109907589791_1857141210956266101_n.jpg?_nc_ht=scontent-lga3-1.cdninstagram.com&_nc_cat=103&_nc_ohc=_DS2XxCqqRoAX_o4Dvz&oh=90ae604f139dd3fa049d95a7904ec683&oe=5E955D91,https://www.instagram.com/p/B1w2attn8sA,453893.0,45482186,2149,False,True,4155
45416,jadethirlwall,2020-01-15 16:06:02+00:00,"weâ€™ve waited our whole career to go to South America ğŸ˜© and now itâ€™s finally happening!! why it hasnâ€™t happened sooner Iâ€™ll never know lol but I could cry with excitement ğŸ˜­ğŸ˜‚ this March, weâ€™ll be heading to SÃ£o Paulo to play @festivalgrls â™¥ï¸ Tickets go on sale next week ğŸ‘€ weâ€™ve watched over the years just how incredible our South American fans are ğŸ¥° weâ€™re so grateful to finally get to see as many of you as possible âœ¨ AMAMOS VOCÃŠS, SEE U SOON â™¥ï¸",,https://scontent-iad3-1.cdninstagram.com/v/t51.2885-15/e35/s1080x1080/82921896_1252496781611202_3192970292846954818_n.jpg?_nc_ht=scontent-iad3-1.cdninstagram.com&_nc_cat=106&_nc_ohc=wuKfCDcjmCUAX-MmPnA&oh=c49b497de81c1f03b6ee96f8d5a1f6bf&oe=5E928D73,https://www.instagram.com/p/B7WKyS_Bmw3,109835.0,6311906,698,False,True,2257
27997,snoopdogg,2020-02-16 19:54:30+00:00,Pee n the water,,https://scontent-sea1-1.cdninstagram.com/v/t51.2885-15/e35/84785170_220335625793063_8039432669164629559_n.jpg?_nc_ht=scontent-sea1-1.cdninstagram.com&_nc_cat=111&_nc_ohc=sml0e7qNn90AX8LrYph&oh=48bb86c2efdbf94b3c3fed7643e09d58&oe=5E681390,https://www.instagram.com/p/B8o-T1oHCZ2,274912.0,40342946,3510,False,True,44141
64759,genhalilintar,2019-11-09 10:55:53+00:00,"Disinilah tempat kelahiran Manusia Agung, dekat Kaâ€™bah dalam kota suci Mekah, memberi makna yang sangat dalam dan tersirat bahwa kelahiran beliau di tempat itu memberi tau kepada dunia, bahwa dahulu sekarang dan akan datang, sesama kita tidak akan bersatu tanpa dikembalikan lagi dunia ini kepada Tuhan. 
Beliau membawa Rahmat dari Tuhan yang amat sangat luas dengan mengajak manusia kembali kepada Tuhan, sesuai makna kota itu sendiri, oleh karena itu di sana terdapat Baitullah, dan beliau pun lahir dekat dengan Baitullah. Artinya kembali kepada Tuhan, kembali ada rasa kenal dengan Tuhan sampai jatuh hati, cinta dan takut pada Tuhan, dengan perasaan ini yang bisa mengawal segalanya 
#BirthdayNabi #genhalilintar",,https://scontent-iad3-1.cdninstagram.com/v/t51.2885-15/e35/s1080x1080/71538381_181363449580508_8185992894169902627_n.jpg?_nc_ht=scontent-iad3-1.cdninstagram.com&_nc_cat=108&_nc_ohc=VSlarAU1oUQAX83MVP0&oh=aabe43af5c5432921c6eb2641ca3ff2c&oe=5E91E134,https://www.instagram.com/p/B4pGB_MJmRZ,107326.0,4162208,13,False,True,1319
